INSERT INTO JF_clients (client_id, surname, phone, email, birth_date, name) VALUES (1, 'fam2', 1111, 'asds@mail.ru', '2016-07-13', 'name2');
INSERT INTO JF_clients (client_id, surname, phone, email, birth_date, name) VALUES (2, 'fam1', 2222, 'asds23@mail.ru', '2016-07-14', 'name1');
INSERT INTO JF_clients (client_id, surname, phone, email, birth_date, name) VALUES (3, '	???????3	', 11111, '	a1@mail.ru1	', '2003-07-20', '	???3	');
INSERT INTO JF_clients (client_id, surname, phone, email, birth_date, name) VALUES (4, ' asd', 11112, '	a1@mail.ru2	', '2004-07-20', 'asda');
INSERT INTO JF_clients (client_id, surname, phone, email, birth_date, name) VALUES (5, '	surname5	', 11113, '	a1@mail.ru3	', null, '	name5	');
INSERT INTO JF_clients (client_id, surname, phone, email, birth_date, name) VALUES (6, '	surname6	', 11114, '	a1@mail.ru4	', null, '	name6	');
INSERT INTO JF_clients (client_id, surname, phone, email, birth_date, name) VALUES (7, '	surname7	', 11115, '	a1@mail.ru5	', null, '	name7	');
INSERT INTO JF_clients (client_id, surname, phone, email, birth_date, name) VALUES (8, '	surname8	', 11116, '	a1@mail.ru6	', null, '	name8	');
INSERT INTO JF_clients (client_id, surname, phone, email, birth_date, name) VALUES (9, '	surname9	', 11117, '	a1@mail.ru7	', null, '	name9	');
INSERT INTO JF_clients (client_id, surname, phone, email, birth_date, name) VALUES (10, '	surname10	', 11118, '	a1@mail.ru8	', null, '	name10	');
INSERT INTO JF_clients (client_id, surname, phone, email, birth_date, name) VALUES (11, '	surname11	', 11119, '	a1@mail.ru9	', null, '	name11	');
INSERT INTO JF_clients (client_id, surname, phone, email, birth_date, name) VALUES (12, '	surname12	', 11120, '	a1@mail.ru10	', null, '	name12	');
INSERT INTO JF_clients (client_id, surname, phone, email, birth_date, name) VALUES (13, '	surname13	', 11121, '	a1@mail.ru11	', null, '	name13	');
INSERT INTO JF_clients (client_id, surname, phone, email, birth_date, name) VALUES (14, '	surname14	', 11122, '	a1@mail.ru12	', null, '	name14	');
INSERT INTO JF_clients (client_id, surname, phone, email, birth_date, name) VALUES (15, '	surname15	', 11123, '	a1@mail.ru13	', null, '	name15	');
INSERT INTO JF_clients (client_id, surname, phone, email, birth_date, name) VALUES (16, '	surname16	', 11124, '	a1@mail.ru14	', null, '	name16	');
INSERT INTO JF_clients (client_id, surname, phone, email, birth_date, name) VALUES (17, '	surname17	', 11125, '	a1@mail.ru15	', null, '	name17	');
INSERT INTO JF_clients (client_id, surname, phone, email, birth_date, name) VALUES (18, '	surname18	', 11126, '	a1@mail.ru16	', null, '	name18	');
INSERT INTO JF_clients (client_id, surname, phone, email, birth_date, name) VALUES (19, '	surname19	', 11127, '	a1@mail.ru17	', null, '	name19	');
INSERT INTO JF_clients (client_id, surname, phone, email, birth_date, name) VALUES (20, '	surname20	', 11128, '	a1@mail.ru18	', null, '	name20	');
INSERT INTO JF_clients (client_id, surname, phone, email, birth_date, name) VALUES (21, '	surname21	', 11129, '	a1@mail.ru19	', null, '	name21	');
INSERT INTO JF_clients (client_id, surname, phone, email, birth_date, name) VALUES (22, '	surname22	', 11130, '	a1@mail.ru20	', null, '	name22	');
INSERT INTO JF_clients (client_id, surname, phone, email, birth_date, name) VALUES (23, '	surname23	', 11131, '	a1@mail.ru21	', null, '	name23	');
INSERT INTO JF_clients (client_id, surname, phone, email, birth_date, name) VALUES (24, '	surname24	', 11132, '	a1@mail.ru22	', null, '	name24	');
INSERT INTO JF_clients (client_id, surname, phone, email, birth_date, name) VALUES (25, '	surname25	', 11133, '	a1@mail.ru23	', null, '	name25	');
INSERT INTO JF_clients (client_id, surname, phone, email, birth_date, name) VALUES (26, '	surname26	', 11134, '	a1@mail.ru24	', null, '	name26	');
INSERT INTO JF_clients (client_id, surname, phone, email, birth_date, name) VALUES (27, '	surname27	', 11135, '	a1@mail.ru25	', null, '	name27	');
INSERT INTO JF_clients (client_id, surname, phone, email, birth_date, name) VALUES (28, '	surname28	', 11136, '	a1@mail.ru26	', null, '	name28	');
INSERT INTO JF_clients (client_id, surname, phone, email, birth_date, name) VALUES (29, '	surname29	', 11137, '	a1@mail.ru27	', null, '	name29	');
INSERT INTO JF_clients (client_id, surname, phone, email, birth_date, name) VALUES (30, '	surname30	', 11138, '	a1@mail.ru28	', null, '	name30	');
INSERT INTO JF_clients (client_id, surname, phone, email, birth_date, name) VALUES (31, '	surname31	', 11139, '	a1@mail.ru29	', null, '	name31	');
INSERT INTO JF_clients (client_id, surname, phone, email, birth_date, name) VALUES (32, '	surname32	', 11140, '	a1@mail.ru30	', null, '	name32	');
INSERT INTO JF_clients (client_id, surname, phone, email, birth_date, name) VALUES (33, '	surname33	', 11141, '	a1@mail.ru31	', null, '	name33	');
INSERT INTO JF_clients (client_id, surname, phone, email, birth_date, name) VALUES (34, '	surname34	', 11142, '	a1@mail.ru32	', null, '	name34	');
INSERT INTO JF_clients (client_id, surname, phone, email, birth_date, name) VALUES (35, '	surname35	', 11143, '	a1@mail.ru33	', null, '	name35	');
INSERT INTO JF_clients (client_id, surname, phone, email, birth_date, name) VALUES (36, '	surname36	', 11144, '	a1@mail.ru34	', null, '	name36	');
INSERT INTO JF_clients (client_id, surname, phone, email, birth_date, name) VALUES (37, '	surname37	', 11145, '	a1@mail.ru35	', null, '	name37	');
INSERT INTO JF_clients (client_id, surname, phone, email, birth_date, name) VALUES (38, '	surname38	', 11146, '	a1@mail.ru36	', null, '	name38	');
INSERT INTO JF_clients (client_id, surname, phone, email, birth_date, name) VALUES (39, '	surname39	', 11147, '	a1@mail.ru37	', null, '	name39	');
INSERT INTO JF_clients (client_id, surname, phone, email, birth_date, name) VALUES (40, '	surname40	', 11148, '	a1@mail.ru38	', null, '	name40	');
INSERT INTO JF_clients (client_id, surname, phone, email, birth_date, name) VALUES (41, '	surname41	', 11149, '	a1@mail.ru39	', null, '	name41	');
INSERT INTO JF_clients (client_id, surname, phone, email, birth_date, name) VALUES (42, '	surname42	', 11150, '	a1@mail.ru40	', null, '	name42	');

INSERT INTO JF_products (product_name, expire_days, price) VALUES ('prob', 1, 950);
INSERT INTO JF_products (product_name, expire_days, price) VALUES ('abon10', 30, 26900);
INSERT INTO JF_products (product_name, expire_days, price) VALUES ('abon20', 60, 45900);
INSERT INTO JF_products (product_name, expire_days, price) VALUES ('protein', 0, 250);
INSERT INTO JF_products (product_name, expire_days, price) VALUES ('amino', 0, 200);

INSERT INTO JF_purchase (is_provided, client_id, purchase_date, product_id, trainer_id, expired, discount_id) VALUES (0, 1, '2016-07-14', 1, 1, 0, null);
INSERT INTO JF_purchase (is_provided, client_id, purchase_date, product_id, trainer_id, expired, discount_id) VALUES (0, 1, '2016-07-14', 2, 1, 0, null);
INSERT INTO JF_purchase (is_provided, client_id, purchase_date, product_id, trainer_id, expired, discount_id) VALUES (0, 1, '2016-07-14', 2, 1, 0, null);
INSERT INTO JF_purchase (is_provided, client_id, purchase_date, product_id, trainer_id, expired, discount_id) VALUES (0, 1, '2016-07-14', 2, 1, 0, null);
INSERT INTO JF_purchase (is_provided, client_id, purchase_date, product_id, trainer_id, expired, discount_id) VALUES (0, 1, '2016-07-14', 2, 1, 0, null);
INSERT INTO JF_purchase (is_provided, client_id, purchase_date, product_id, trainer_id, expired, discount_id) VALUES (0, 1, '2016-07-14', 2, 1, 0, null);
INSERT INTO JF_purchase (is_provided, client_id, purchase_date, product_id, trainer_id, expired, discount_id) VALUES (0, 1, '2016-07-14', 2, 1, 0, null);
INSERT INTO JF_purchase (is_provided, client_id, purchase_date, product_id, trainer_id, expired, discount_id) VALUES (0, 1, '2016-07-14', 2, 1, 0, null);
INSERT INTO JF_purchase (is_provided, client_id, purchase_date, product_id, trainer_id, expired, discount_id) VALUES (0, 1, '2016-07-14', 2, 1, 0, null);
INSERT INTO JF_purchase (is_provided, client_id, purchase_date, product_id, trainer_id, expired, discount_id) VALUES (0, 2, '2016-07-14', 2, 1, 0, null);
INSERT INTO JF_purchase (is_provided, client_id, purchase_date, product_id, trainer_id, expired, discount_id) VALUES (0, 2, '2016-07-14', 2, 1, 0, null);
INSERT INTO JF_purchase (is_provided, client_id, purchase_date, product_id, trainer_id, expired, discount_id) VALUES (0, 2, '2016-07-14', 2, 1, 0, null);
INSERT INTO JF_purchase (is_provided, client_id, purchase_date, product_id, trainer_id, expired, discount_id) VALUES (0, 2, '2016-07-14', 2, 1, 0, null);
INSERT INTO JF_purchase (is_provided, client_id, purchase_date, product_id, trainer_id, expired, discount_id) VALUES (0, 2, '2016-07-14', 2, 1, 0, null);
INSERT INTO JF_purchase (is_provided, client_id, purchase_date, product_id, trainer_id, expired, discount_id) VALUES (0, 2, '2016-07-14', 2, 1, 0, null);
INSERT INTO JF_purchase (is_provided, client_id, purchase_date, product_id, trainer_id, expired, discount_id) VALUES (0, 2, '2016-07-14', 2, 1, 0, null);
INSERT INTO JF_purchase (is_provided, client_id, purchase_date, product_id, trainer_id, expired, discount_id) VALUES (0, 2, '2016-07-14', 2, 1, 0, null);
INSERT INTO JF_purchase (is_provided, client_id, purchase_date, product_id, trainer_id, expired, discount_id) VALUES (0, 2, '2016-07-14', 2, 1, 0, null);
INSERT INTO JF_purchase (is_provided, client_id, purchase_date, product_id, trainer_id, expired, discount_id) VALUES (0, 2, '2016-07-14', 2, 1, 0, null);
INSERT INTO JF_purchase (is_provided, client_id, purchase_date, product_id, trainer_id, expired, discount_id) VALUES (0, 2, '2016-07-14', 2, 1, 0, null);

INSERT INTO JF_trainers (trainer_name) VALUES ('trainer1');
INSERT INTO JF_trainers (trainer_name) VALUES ('trainer2');

INSERT INTO JF_trainings (training_id, training_plan, client_id, trainer_id, purchase_id) VALUES (1, 1, 1, 1, 1);
INSERT INTO JF_trainings (training_id, training_plan, client_id, trainer_id, purchase_id) VALUES (2, 2, 2, 2, 2);